IDE_ETA_NUM,IDE_ETA_NU8,IDE_ETA_NOM,IDE_IDE_CPL,IDE_VOI_NUM,IDE_VOI_CNU,IDE_VOI_TYP_LRG,IDE_VOI_LIB,IDE_ADR_CPL,IDE_RSD_LIB,IDE_BDI_COD,IDE_TEL_NU1,IDE_TEL_NU2,IDE_INT_ADR,IDE_FAX_NUM,IDE_CPT_RSC,IDE_INS_COM,IDE_CPA_NUM,IDE_CRA_NUM,IDE_NUM_NOU,IDE_NUM_DTE,IDE_PSH_CAT,IDE_CCL_DTE,IDE_PSH_STJ,IDE_STJ_DTE,IDE_PSH_MFT,IDE_MFT_DTE,IDE_HON_TYP,IDE_HON_DTE,IDE_GES_NUM,IDE_GES_DTE,IDE_SRT_NUM,IDE_ETA_DTE,IDE_ATI_COD,IDE_PSP_NAT,IDE_PSP_DTE,IDE_BGL_PEX,IDE_ETA_TYP,IDE_COD_A24,IDE_SAN_PUB,IDE_IDE_EAM,IDE_IDE_DAM,IDE_IDE_FAM,IDE_IDE_EAS,IDE_IDE_DAS,IDE_IDE_FAS,IDE_IDE_CON,IDE_IDE_DON,IDE_IDE_FON,IDE_NUM_ANC,IDE_ANC_DTE,IDE_IDE_CTR,IDE_IDE_DTR,IDE_IDE_FTR,IDE_A24_24,IDE_A24_24B,IDE_A24_24C,IDE_A24_24Q,IDE_A24_24S,IDE_A24_24T,IDE_NUM_PCP,IDE_CBU_CTR,IDE_CBU_EFF,IDE_CBU_TAU,IDE_CBU_DTF,IDE_FIN_IND,IDE_CAI_PIV,IDE_NAT_ORI,IDE_MCO_COE,IDE_COE_HAD,IDE_MCO_DTE,IDE_HAD_DTE,IDE_IMP_DPT
,ylhHSI,EhvAeahPbftsZtVqF,LzLc,eB,i,,oXIvSJrfpuRxEOf,pJHkSzJGJoqOUDJ,AcZaAckxCilGUEdOw,nDGT,CJ,m,biEHAWnTdbovlgayPKpjJXyqILPKtgnxReN,,EWqlstqmwLqQGJEQWmiicgnmQsUUrNFsYelCpQCtPLLZgVRmizCMvRQNagUxciLnZoyebCdXAk,f,Ks,l,QtDweklGp,1972-01-06,NhO,1928-06-04,,1970-12-18,SD,1938-07-07,,1924-02-16,Y,1983-07-21,GutNwhCZhZhnl,1973-12-18,D,u,1906-04-07,C,z,vIJ,,3583766311,1905-12-27,1980-08-26,4265207648,1985-04-26,1984-03-08,2912602989,1919-11-25,1926-02-18,KLYJHJ,1978-10-30,2,1929-09-30,1927-11-29,B,Kc,mMy,D,I,R,VMSSnUe,5,1910-11-21,HbJ,1921-02-25,,oD,YpM,77652,65768,2010-10-05,1919-09-18,Xm
WSDj,,AQWHIuYfyqvXgUSuVwbO,ZDBhEEITDWHNCdIoeciTOzbvJGSYsVvxejubf,qvGy,Y,Ah,SM,PNxCYYWmtWw,QKxIz,kDcUb,UovFKyC,tV,YjLsSDGcbFlnYGaDDMiRvtRqmxmjaJ,LGMob,YWPFTfUZXdykAOJHZKgZpynGnxSztiNODPhfLzhhzvWDcYV,tibTD,oZ,nZ,LkvXHbP,1951-07-08,r,1904-02-01,B,2011-08-28,Lp,2005-03-07,S,1950-04-05,ItVVxSlNw,1970-01-09,Co,1908-07-30,m,,1988-07-12,kM,x,,G,3894906112,1948-02-19,1966-03-02,3914997532,2024-02-21,1965-12-06,9821099307,1920-07-02,1942-10-10,OQbdOPcZv,1985-06-24,0,1924-10-16,2018-03-28,dY,Eds,i,XTl,dD,Jk,Lbooicf,1,1943-05-11,eZ,1998-02-15,,odgG,IO,10196,73178,1909-08-11,2012-12-09,
KMFbBGM,k,GXtLJksONHIJfayQlbyDNjdu,tKmbUPXczHQ,gbQ,,RZdG,hmgArSSBCvPrBSZoDrLinaLNI,R,YZfaQSBTBbuMmlKnP,d,rAjfIHvsI,tf,cR,kyVbzMxHyg,bpLHGmkVGowEQfoHYvDi,tIZ,cYv,u,atbztxNDv,1906-04-05,S,1937-04-30,,1989-03-03,q,1945-07-15,C,2008-02-24,fsaeZCX,1966-07-20,aQqJmpBAr,2015-06-17,d,,2003-11-01,U,I,j,Z,1175674627,1931-07-03,1938-10-10,7422081051,2026-03-21,1968-09-08,7021415866,2028-02-13,1938-07-19,R,1939-12-11,5,2015-03-26,2006-03-30,,mzc,,ZGh,s,NsB,UNKQYXARo,9,2011-09-20,xBC,1973-03-31,U,C,GuVA,4820,18753,2016-05-06,2020-05-14,WJ
,tXOyzSSL,zNYfeMeSinY,ruhtQgmYjPpUtFydzyuyidGcNyyTry,UaI,k,D,gUqKi,JEmGYhXFIPlhFCLBxgHCAcWawIP,TVJk,Co,orUba,uyzyUBIIGE,ThqgZzUSKXiZGLcj,Jy,FrjeGZDCzyrsoEZgTlhnrvoVkpgARDfIfGaSGlDDWHmwZOVHMaxZ,gxHhl,y,bF,aUjLKpmbK,1968-05-04,f,1922-06-12,s,1943-02-09,Rv,2002-08-17,,1925-10-31,xOFxo,1979-05-03,kMTzgFKSjzS,2020-11-09,p,,2004-01-07,ewj,x,MWR,,335890687,1981-09-15,1984-12-30,7660033612,1912-09-20,2016-07-09,1064813650,2017-08-03,1912-02-19,DY,2025-01-23,3,1993-06-18,2017-07-04,,,yU,,SnY,V,sTnW,6,1913-09-28,V,1929-04-15,y,rBkQ,C,25257,684,1956-09-30,1963-07-01,Rv
h,G,PDQucKoSozIoAbPaOdeLnTHCxLRKZAuoL,Q,p,,,pqzXPfxdHAKAhzRDdEfH,lCUYmjJMOwEBTsRhDtXQWAGaJqQkVQJGse,RUxcQNWjjemQiZyRjQHHMqceaHzp,i,,GoPVBf,mMIsjPSchPBgMfKOXQ,BBLxKWGlH,NljlxGzenzsZzrQVwutANlQjxAzch,,,e,Kvkjz,1919-11-24,mUC,1939-06-11,Y,1907-10-20,kx,1972-12-23,g,2019-02-26,tA,1964-02-03,QijtmEF,1988-05-12,t,,2025-06-29,,,wU,,921593732,2028-09-19,1935-07-23,7481029905,1931-04-20,1991-01-01,1419180449,1924-03-11,1943-04-21,rcxkSA,1969-09-03,2,1969-04-16,1991-11-24,bx,,AmU,dqQ,,oGC,GAqisEjc,8,1969-08-20,TrE,1944-05-14,,,,73026,56487,1916-08-07,1999-07-08,
gjikFG,L,AeiXLaQLVuNVAM,qOyhFfMVVOxoozaTlTPvvkPsWtIjhdAMjNn,pwCG,,sGoM,,JzW,qdWXW,w,LyC,vAag,xNtINDmB,,ybQUMoBgrdCmufSheCJyEUvgXqHrRtnwYixfKbMhfuCoQqOdG,V,O,D,xeIaHbg,1965-01-01,aeR,1921-03-09,gV,1950-03-21,,1932-12-20,,2002-06-26,nD,1927-11-19,mlKhx,1970-10-04,F,E,1957-09-22,Tlt,o,iR,k,2594345781,1916-12-23,1968-01-04,5329006124,2012-12-04,1992-11-10,3890198461,1934-10-21,1994-04-13,PyassYs,1985-10-03,6,2013-01-12,1915-05-09,hER,vtX,Ry,to,km,,K,8,1908-04-13,r,1919-10-29,,OlaX,BYQL,28790,59176,1974-11-12,1947-01-15,j
ddelLd,r,bvCvqonVAaIrXFGvsOxqXErIgcNJzKAiZhyd,HKcYni,vM,P,U,dtbij,UWuIseEgYZBKMaFpjcYCLJfrXaGwVQlUr,aVzRsxESqdTfxokqxltu,uPWG,MOp,tmkkpoDlJ,uAnUqhYoXZNicIzS,NyCdvHbWCD,RalmZUNCAiSBuAR,,,k,AQvgPvRi,1933-04-17,,1990-11-30,,1927-09-17,EU,1913-08-25,,1993-12-10,,1931-09-20,uEnViMUfNh,1924-06-03,,,2008-01-24,Nf,,G,,17631438,1922-07-27,1948-07-11,3956772893,1971-03-04,1993-04-04,1229361111,1943-06-06,1984-10-23,MM,2029-12-03,9,1994-02-25,1912-01-06,lq,I,D,j,xIX,M,T,4,1938-08-04,wF,1944-11-16,n,M,Gx,37831,54164,2009-04-07,1917-04-26,
DRPPdYgPN,wsOgc,BlklNTOLmYsWCUwZEgIcHxktciKssMIvv,oROaEdvipCUfkvjnXwfptPvJuwsAj,Y,,g,TLLtbjS,kZeokZyHhoJnQmfEFZEJoYUEIbfw,qYSXmDpibrHGeuswdGnfTPgBhRWiokHvH,jf,BvJzyAxp,dQfSSq,hvnLEEiFVJMThSlxbaDpSNnEQAi,dRQTbiMqEk,qGczGRLLKsFitMJsdKvUPGdtqtuDCwymrazqBQtXBmMy,ftqN,kUY,O,,1970-08-09,Io,2000-04-19,H,2021-03-25,d,1907-08-08,Z,2029-06-11,ejdAy,1974-05-17,tzEcSFRQSmflXA,1980-05-18,,,1932-01-21,,p,JL,E,8677179663,1933-08-01,1948-01-04,2774582961,1993-06-29,1928-12-20,7895931261,1983-10-20,1965-08-19,feTTZ,1997-08-18,8,1962-09-03,1973-01-22,l,z,K,w,pO,oGT,JsbMNE,0,1900-04-17,vw,1905-06-02,,QlCQz,DJX,74681,67888,1956-07-26,1967-10-28,Zl
UxrdL,imq,lwbUaMGfrWApBGSCcN,URnfgibwvkyYsWlUVdcsQcewry,,,Uuy,yvPsHbM,cRcIBWdAKTFOdgmtcmbsuFuEWvOk,SyKfhOZXvIShoyGYtBtrIIPGPFkWAB,pQC,XfGCdPs,M,FNtXEOQJInXJjWytzWpss,W,bYBbQeXPmsVvloPDHjYQLnwPFjBqgQRKHPNrWoYYIvsTH,Ki,G,,qOezDy,1971-04-12,,1966-11-23,,1993-12-20,,1987-07-13,p,2009-11-25,,2000-06-11,lMK,1948-08-21,t,,1906-07-16,FX,,yl,,5379604622,1954-05-24,1995-07-07,770795159,2020-05-05,1922-10-09,9135137366,1932-09-07,2023-02-27,WxioJ,1970-01-04,3,1998-04-17,1974-04-15,,K,Tf,AO,nBe,ONA,XC,3,1958-08-25,B,1932-03-26,,c,q,77066,85533,1990-06-21,1993-09-28,k
UXFx,,mEIJSfRRgisowViNUPiarrCXn,tmiQcMxxOccuMLTBBuR,v,,NNd,tNqgbYDJhYZeFTyOusgpGQqIh,Wog,lCSktNYh,oPE,tZcYXrYu,FCYEeF,kvIShbJYZeoAXTxWLUkWHgMAUPqlTAZrI,,GJIOZHJpPqJsSuKxVbHDpQVKXCRZjUzFCVUEtkRCQMTHiUeBoZiv,,,fS,wFAYiv,1929-05-10,,1930-08-28,eT,1906-02-05,ml,1990-09-21,P,1930-05-22,JhFYFozJ,1940-05-20,hrMmVkyVtj,2021-05-15,,b,1963-05-15,UV,,CSp,,1516950459,1917-01-13,1984-04-29,5322250000,1980-03-20,1959-05-24,8509552831,1982-07-31,1981-07-25,iaceR,1996-12-01,6,2026-09-20,1905-01-24,K,r,cuz,rDJ,h,N,IPasp,7,2014-11-15,,1977-12-22,m,zEOyb,lEo,17857,77380,1989-01-02,1927-04-11,j

